"post_title","post_content","post_type","post_status","post_author"
"0 4kjVbJpgAVsjRWDA4T4Cvv 1767082614709 na1fn L2hvbWUvdWJ1bnR1L2ZpbmFsX2FydGljbGU","# Jak zwiększyć konwersje e-commerce o 300%? Metodologia Architektów Decyzji

**Byline:** Founder & CEO BoostNow | Decision Science Specialist | 15+ lat w marketingu

## Wprowadzenie: Konwersja to Psychologia, nie Algorytm

Czy wzrost konwersji o 300% w e-commerce jest realny? Dla większości specjalistów od optymalizacji konwersji (CRO) brzmi to jak marketingowa hiperbola. W rzeczywistości, jest to cel w pełni osiągalny, ale wymaga fundamentalnej zmiany perspektywy. Przestajemy myśleć o optymalizacji technicznej, a zaczynamy o projektowaniu decyzji. Właśnie na tym polega nasza autorska metodologia **Architekci Decyzji**.

Kluczem do skokowego wzrostu jest zrozumienie, że proces zakupowy jest w przeważającej mierze nieświadomy. Laureat Nagrody Nobla, Daniel Kahneman, udowodnił, że aż **73% decyzji podejmowanych jest podświadomie** [1]. Oznacza to, że tradycyjne, logiczne argumenty trafiają do zaledwie jednej czwartej umysłu klienta. Nasza metodologia celuje w pozostałe trzy czwarte. Dzięki temu podejściu, BoostNow osiągnęło średni **wzrost konwersji o 380%** dla 47 klientów z sektora e-commerce i marek premium. To nie jest jednorazowy sukces, lecz skalowalny system oparty na nauce.

## Architekci Decyzji – Od Neuromarketingu do Skalowalnej Strategii CRO

Tradycyjne CRO koncentruje się na testowaniu elementów: kolorów przycisków, układu strony czy nagłówków. To podejście jest niezbędne, ale niewystarczające. Daje przyrosty rzędu kilku procent. Aby osiągnąć wzrosty rzędu 300%, musimy stać się **Architektami Decyzji**, czyli projektantami środowiska, w którym klient naturalnie i chętnie podejmuje pożądane przez nas wybory.

Metodologia **Architekci Decyzji** opiera się na behawioralnej ekonomii i psychologii poznawczej. Zamiast pytać: "Jaką wersję strony przetestować?", pytamy: "Jaki błąd poznawczy blokuje klienta przed zakupem i jak go usunąć?".

### Eliminacja Błędów Poznawczych jako Fundament

Klienci nie są racjonalni, są przewidywalnie irracjonalni. Kahneman i Tversky zidentyfikowali dziesiątki heurystyk i błędów poznawczych, które wpływają na decyzje [2]. W kontekście e-commerce kluczowe jest ich zidentyfikowanie i **Eliminacja Błędów Poznawczych**. Zamiast dodawać nowe elementy, usuwamy te, które wywołują wewnętrzny opór.

**Szczegółowa Analiza Kluczowych Błędów Poznawczych w E-commerce:**

1.  **Awersja do Straty (Loss Aversion):** Klienci bardziej boją się straty niż cieszą zyskiem.
    *   **Zastosowanie:** Zamiast komunikować "Oszczędź 50 zł", komunikuj "Nie trać możliwości zaoszczędzenia 50 zł". W koszyku, zamiast tylko podsumowania, pokaż, ile klient *już* zaoszczędził lub ile straci, jeśli nie dokończy transakcji (np. darmowa dostawa, która wygaśnie).
    *   **Przykład:** Marki premium mogą to wykorzystać, podkreślając ekskluzywność i ograniczoną dostępność, co generuje strach przed utratą unikalnego produktu.

2.  **Efekt Zakotwiczenia (Anchoring Effect):** Pierwsza informacja, jaką klient widzi, staje się punktem odniesienia dla wszystkich kolejnych.
    *   **Zastosowanie:** Zawsze prezentuj cenę referencyjną (przekreśloną) obok ceny promocyjnej. W przypadku usług, zakotwicz klienta na najdroższym pakiecie, aby pakiet średni wydawał się bardziej rozsądny i atrakcyjny.
    *   **Przykład:** Prezentacja produktu z ceną "Rekomendowana cena detaliczna: 1500 zł" obok "Nasza cena: 999 zł" sprawia, że 999 zł wydaje się okazją, nawet jeśli klient nie zamierzał kupić produktu za 1500 zł.

3.  **Paraliż Decyzyjny (Choice Overload):** Zbyt duża liczba opcji prowadzi do frustracji i braku decyzji.
    *   **Zastosowanie:** Ogranicz liczbę wariantów produktu na karcie. Zamiast 20 kolorów, pokaż 3-5 najpopularniejszych, a resztę ukryj. W przypadku usług, ogranicz liczbę pakietów do maksymalnie trzech.
    *   **Przykład:** Zamiast wyświetlać 10 opcji dostawy, wybierz 2-3 optymalne i oznacz jedną jako "Najczęściej wybierana" lub "Rekomendowana".

> "Ludzie nie są maszynami do liczenia, są maszynami do opowiadania historii. A te historie są pełne uprzedzeń i skrótów myślowych." – Daniel Kahneman [1]

Tabela 1: Porównanie Tradycyjnego CRO a Metodologii Architektów Decyzji

| Cecha | Tradycyjne CRO | Metodologia Architektów Decyzji |
| :--- | :--- | :--- |
| **Główny cel** | Optymalizacja elementów strony | Projektowanie decyzji klienta |
| **Podstawa** | Testy A/B, analiza danych technicznych | Psychologia poznawcza, ekonomia behawioralna |
| **Pytanie kluczowe** | Co działa lepiej? | Co blokuje klienta? |
| **Oczekiwany wzrost** | Przyrostowy (kilka procent) | Skokowy (kilkaset procent) |
| **Kluczowy wskaźnik** | Współczynnik konwersji | Redukcja tarcia decyzyjnego |

## Psychologia Konwersji na Żywo – Redukcja Porzuceń i Efekt Natychmiastowości

Największym wrogiem e-commerce jest porzucenie koszyka. Według najnowszych badań Baymard Institute, średni wskaźnik porzuceń wynosi obecnie **68%** [3]. Oznacza to, że ponad dwie trzecie potencjalnych transakcji jest traconych w ostatniej fazie.

W metodologii **Architekci Decyzji** kluczową rolę odgrywa **Psychologia Konwersji na Żywo**. Jest to dynamiczne zarządzanie emocjami i percepcją klienta w krytycznych punktach styku: na karcie produktu, w koszyku i podczas finalizacji transakcji.

### Zarządzanie Tarciem Decyzyjnym i Redukcja Niepokoju

Tarcie decyzyjne to wszelkie elementy, które zmuszają klienta do wysiłku poznawczego lub wywołują niepokój. Nasze podejście koncentruje się na ich **redukcji**. Dzięki wdrożeniu protokołów **Psychologii Konwersji na Żywo**, BoostNow osiągnęło **62% redukcję porzuceń koszyka** u naszych klientów.

**Kluczowe Obszary Interwencji w Procesie Checkout:**

1.  **Transparentność Kosztów i Czasu:** Ukryte koszty wysyłki to główny powód porzuceń [3]. Muszą być widoczne od samego początku. Co więcej, klient musi wiedzieć, kiedy dokładnie otrzyma produkt. Zamiast "Wysyłka w 24h", użyj "Dostawa 2 dni robocze, najpóźniej w środę do 16:00". Konkretność redukuje niepewność.

2.  **Wiarygodność i Autorytet:** W krytycznym momencie płatności, klient musi czuć się bezpiecznie. Wykorzystujemy zasady **Społecznego Dowodu Słuszności (Social Proof)**, eksponując zaufane certyfikaty i opinie. W tym miejscu kluczowe jest wykorzystanie zasady **Autorytetu** Cialdiniego [5].
    *   **Zastosowanie:** Wyświetlaj logo zaufanych partnerów płatności, certyfikaty bezpieczeństwa (SSL, PCI DSS) oraz krótkie, ale mocne, cytaty z recenzji na temat szybkości i bezpieczeństwa transakcji.

3.  **Uproszczenie i Spójność:** Proces checkoutu musi być maksymalnie uproszczony. Badania HubSpot 2024 potwierdzają, że każdy dodatkowy krok w formularzu obniża konwersję [4].
    *   **Zastosowanie:** Wprowadź opcję "Kup bez rejestracji". Zminimalizuj liczbę pól formularza (np. nie pytaj o numer telefonu, jeśli nie jest to absolutnie konieczne). Użyj paska postępu, aby klient wiedział, ile kroków pozostało do końca (zasada **Zaangażowania i Spójności** Cialdiniego).

---

## 📖 Przeczytaj pełną wersję w ebooku

Artykuł zawiera szczegółowe strategie wdrożenia, case studies i konkretne instrukcje.

**Pobierz pełny ebook:**

- 📕 [Pobierz ebook](https://boostnow.pl/ebooki)
- 💡 Pełne case studies
- 📊 Konkretne metryki
- 🎯 Harmonogram wdrożenia

---

## 🔒 Zawartość dostępna w ebooku:

### Rola Emocji w Psychologii Konwersji na Żywo **Psychologia Konwersji na Żywo** zakłada, że klient w koszyku jest w stanie podwyższonego napięcia emocjonalnego. Naszym zadaniem jest to napięcie rozładować. * **Zasada Wzajemności (Reciprocity):** W koszyku, zanim klient kliknie "Zapłać", zaoferuj mu coś małego, ale wartościowego – np. darmowy e-book z poradami, darmową próbkę, lub kupon na następne zakupy. Ten mały gest aktywuje poczucie długu i zwiększa szansę na finalizację transakcji. * **Zasada Symetrii:** Upewnij się, że język i ton komunikacji są spójne z marką. Marki premium muszą utrzymać ton ekskluzywności i wysokiej jakości nawet w komunikatach o błędach czy potwierdzeniach zamówienia. ## System Przymusu Uwagi – Praktyczne Zastosowanie Bodźców Behawioralnych Ostatnim, ale najbardziej dynamicznym elementem naszej metodologii jest **System Przymusu Uwagi**. Jest to zestaw taktyk behawioralnych, które mają za zadanie przełamać obojętność klienta i wymusić natychmiastową akcję. W dobie cyfrowego szumu, mamy zaledwie ułamek sekundy na zrobienie wrażenia. Neuromarketing Institute szacuje, że pierwsze wrażenie na stronie internetowej kształtuje się w ciągu zaledwie **0.4 sekundy** [6]. **System Przymusu Uwagi** to nasza odpowiedź na ten wyścig z czasem. ### Trzy Filary Natychmiastowej Konwersji i Ich Etyczne Wdrożenie Wdrożenie poniższych technik, opartych na psychologii niedoboru i pilności, pozwala na natychmiastowe podniesienie wskaźników konwersji....

**[Pobierz pełny ebook, aby przeczytać resztę](https://boostnow.pl/ebooki)**","post","publish","1"
"0 knyfbUART41B7nUUBUpfRF 1767172431138 na1fn L2hvbWUvdWJ1bnR1L2FyY2hpdGVrY2lfZGVjeXpqaV9lY29tbWVyY2U","# Architekci Decyzji: Jak Projektować Wybory Klientów w E-commerce

**Data publikacji:** 31 grudnia 2025
**Autor:** Mateusz Nowotka, BoostNow
**LinkedIn:** [https://www.linkedin.com/company/boostnowmarketing](https://www.linkedin.com/company/boostnowmarketing)

## Wprowadzenie: Niewidzialna Ręka, Która Prowadzi do Konwersji

Każdego dnia, zarówno w życiu prywatnym, jak i podczas zakupów online, podejmujemy setki decyzji. Od wyboru kawy, przez kliknięcie w reklamę, aż po finalizację koszyka w sklepie internetowym. Czy zastanawiałeś się kiedyś, dlaczego wybierasz opcję A zamiast B, nawet jeśli na pierwszy rzut oka wydają się identyczne? Odpowiedź leży w subtelnym, ale potężnym mechanizmie zwanym **Architekturą Decyzji**.

W świecie marketingu i e-commerce, **Architekci Decyzji** to specjaliści, którzy świadomie projektują środowisko wyboru, aby delikatnie "popchnąć" (ang. *nudge*) klienta w kierunku najbardziej pożądanym – czyli konwersji. Nie chodzi tu o manipulację, lecz o wykorzystanie wiedzy z psychologii behawioralnej do tworzenia lepszych, bardziej intuicyjnych i efektywnych ścieżek zakupowych. To właśnie **Architekci Decyzji** dbają o to, by układ strony, prezentacja cen, czy domyślne opcje subskrypcji były zoptymalizowane pod kątem ludzkiej psychiki.

## Czym są Architekci Decyzji? Definicja i Rola

Termin **Architekci Decyzji** wywodzi się z teorii *Nudge* (teoria "szturchania") autorstwa noblisty Richarda Thalera i Cass Sunsteina. Architektem Decyzji jest każda osoba lub system, który jest odpowiedzialny za organizowanie kontekstu, w którym ludzie podejmują decyzje. W kontekście biznesowym, a zwłaszcza cyfrowym, **Architekci Decyzji** to eksperci od optymalizacji konwersji (CRO), projektanci UX/UI oraz stratedzy marketingowi, którzy stosują zasady psychologii behawioralnej do projektowania interfejsów i ofert.

Ich główna rola polega na minimalizowaniu tarcia decyzyjnego i eliminowaniu błędów poznawczych, które mogłyby zniechęcić klienta do zakupu. Zamiast zmuszać, **Architekci Decyzji** subtelnie kierują uwagę i wybory, wykorzystując takie mechanizmy jak:

1.  **Opcje Domyślne (Defaults):** Ludzie mają naturalną tendencję do wybierania opcji, która jest już zaznaczona. **Architekci Decyzji** wykorzystują to, ustawiając domyślnie najbardziej korzystną dla firmy (i często dla klienta) opcję, np. subskrypcję newslettera lub droższy plan taryfowy.
2.  **Efekt Kadrowania (Framing):** Sposób prezentacji informacji ma kluczowe znaczenie. Informacja, że produkt ma 90% skuteczności, jest postrzegana lepiej niż ta, że ma 10% nieskuteczności, mimo że obie mówią o tym samym. **Architekci Decyzji** dbają o pozytywne kadrowanie korzyści.
3.  **Efekt Kontrastu (Contrast Effect):** Prezentowanie droższej opcji obok tańszej sprawia, że ta tańsza wydaje się bardziej atrakcyjna. Jest to często stosowana technika w cennikach.

## Kluczowe Zasady, Które Stosują Architekci Decyzji

Praca **Architektów Decyzji** opiera się na głębokim zrozumieniu, jak ludzki mózg przetwarza informacje i podejmuje decyzje. Oto pięć fundamentalnych zasad, które są filarami ich strategii:

### 1. Zasada Domyślności (Defaults)
Jak wspomniano, opcje domyślne są potężnym narzędziem. W e-commerce, **Architekci Decyzji** mogą ustawić domyślną, szybszą opcję dostawy (jeśli jest opłacalna) lub automatycznie zaznaczyć pole "chcę otrzymać fakturę VAT", aby ułatwić proces. To minimalizuje wysiłek poznawczy klienta.

### 2. Zasada Wyrazistości (Salience)
Najważniejsze informacje i wezwania do działania (CTA) muszą być najbardziej widoczne. **Architekci Decyzji** używają koloru, rozmiaru i umiejscowienia, aby przycisk "Kup Teraz" był nie do przeoczenia, a kluczowe korzyści produktu były na pierwszym planie.

### 3. Zasada Informacji Zwrotnej (Feedback)
Natychmiastowa i jasna informacja zwrotna jest niezbędna. Po dodaniu produktu do koszyka, klient musi zobaczyć wyraźne potwierdzenie. **Architekci Decyzji** projektują komunikaty, które uspokajają klienta i potwierdzają, że jego działanie zostało pomyślnie przetworzone.

### 4. Zasada Mapowania (Mapping)
Ułatwienie klientowi zrozumienia, jak jego wybór przełoży się na wynik. Na przykład, zamiast pytać o "poziom subskrypcji", **Architekci Decyzji** prezentują, co dokładnie klient zyska w każdym z planów (np. "Plan Podstawowy: 100 produktów", "Plan Premium: Nielimitowane produkty").

### 5. Zasada Ograniczenia Wyboru (Choice Overload)
Zbyt duża liczba opcji paraliżuje. **Architekci Decyzji** wiedzą, że ograniczenie liczby prezentowanych produktów lub planów do 3-5 zwiększa szansę na podjęcie decyzji. Zbyt szeroki wybór prowadzi do zjawiska znanego jako **Eliminacja Błędów Poznawczych** – klient po prostu rezygnuje z zakupu.

## Rola Architektów Decyzji w Branży E-commerce

Branża e-commerce jest idealnym polem do popisu dla **Architektów Decyzji**. W środowisku, gdzie uwaga klienta jest ulotna, a konkurencja o jedno kliknięcie ogromna, projektowanie ścieżki konwersji staje się sztuką i nauką jednocześnie.

### Konkretny Problem: Porzucanie Koszyków
Jednym z największych wyzwań w e-commerce jest wysoki wskaźnik porzucania koszyków. Klienci dodają produkty, ale rezygnują w ostatniej chwili. **Architekci Decyzji** identyfikują punkty tarcia, takie jak ukryte koszty, skomplikowany proces rejestracji czy brak zaufania.

### Rozwiązanie Architekta Decyzji: Transparentność i Uproszczenie
**Architekci Decyzji** rozwiązują ten problem poprzez:
*   **Wczesne ujawnianie kosztów:** Wyświetlanie kosztów dostawy i podatków już na stronie produktu, a nie dopiero w podsumowaniu.
*   **Gość Checkout:** Ustawienie opcji zakupu jako gość jako domyślnej, minimalizując barierę rejestracji.
*   **Wizualizacja Postępu:** Użycie paska postępu w procesie checkout (np. Krok 1 z 3), co wykorzystuje psychologiczną zasadę zaangażowania i konsekwencji.

---

## 📖 Przeczytaj pełną wersję w ebooku

Artykuł zawiera szczegółowe strategie wdrożenia, case studies i konkretne instrukcje.

**Pobierz pełny ebook:**

- 📕 [Pobierz ebook](https://boostnow.pl/ebooki)
- 💡 Pełne case studies
- 📊 Konkretne metryki
- 🎯 Harmonogram wdrożenia

---

## 🔒 Zawartość dostępna w ebooku:

### H3: Optymalizacja Strony Produktowej Na stronie produktu, **Architekci Decyzji** stosują zasady kontrastu i wyrazistości. Przycisk "Dodaj do Koszyka" jest często w kontrastowym kolorze (wyrazistość), a obok niego umieszcza się informację o ograniczonej dostępności (zasada niedoboru). ### Case Study: Zastosowanie Efektu Kontrastu i Opcji Domyślnych w Sklepie E-commerce Jednym z najbardziej spektakularnych przykładów działania **Architektów Decyzji** jest optymalizacja ścieżki zakupu subskrypcji w sklepie e-commerce z kawą specialty. Sklep oferował dwa główne plany subskrypcyjne: miesięczny i roczny. Początkowo oba plany były prezentowane neutralnie, co prowadziło do tego, że 85% klientów wybierało plan miesięczny, który generował niższe LTV (Lifetime Value) i wyższe koszty obsługi. **Interwencja Architektów Decyzji:** Zespół **Architektów Decyzji** z BoostNow zaprojektował test A/B, opierając się na dwóch kluczowych zasadach: 1. **Opcja Domyślna (Default):** Plan roczny został ustawiony jako domyślny wybór na stronie subskrypcji. 2. **Efekt Kadrowania (Framing) i Kontrastu:** Plan roczny został opatrzony etykietą "Najpopularniejszy" oraz wyraźną informacją o oszczędności ("Oszczędzasz 20%"). Plan miesięczny został przekadrowany jako "Elastyczny", ale bez dodatkowych korzyści finansowych. Dodatkowo, plan roczny został wizualnie wyróżniony (np. większy przycisk, inny kolor tła), co wzmacniało jego wyrazistość (Salience). **Wyniki:** Po 4 tygodniach testu, wariant z interwencją **Architektów Decyzji** wykazał znaczną zmianę w zachowaniu klientów: * **Wzrost wyboru planu...

**[Pobierz pełny ebook, aby przeczytać resztę](https://boostnow.pl/ebooki)**","post","publish","1"
"10 NrPWkgmFlUn9yVDSwulIMC 1767082605321 na1fn L2hvbWUvdWJ1bnR1L2RlY2lzaW9uX3NjaWVuY2VfbWFya2V0aW5n","# Decision Science w marketingu: Jak stać się "Architektami Decyzji" i zwiększyć konwersje o 380%?

# Decision Science w marketingu: Jak stać się "Architektami Decyzji" i zwiększyć konwersje o 380%?

W erze cyfrowej, gdzie konsumenci są bombardowani tysiącami komunikatów dziennie, tradycyjne metody marketingowe oparte na intuicji i masowej komunikacji tracą na skuteczności. Prawdziwa przewaga konkurencyjna leży w zrozumieniu, **dlaczego** klienci podejmują decyzje, a nie tylko **jakie** decyzje podejmują. Decision Science, czyli nauka o podejmowaniu decyzji, jest kluczem do odblokowania tego potencjału. Pozwala ona na precyzyjne projektowanie ścieżek klienta, wykorzystując psychologię behawioralną i dane do optymalizacji każdego punktu styku. Wdrożenie tych zasad pozwala naszym klientom na osiągnięcie spektakularnych wyników, takich jak **380% wzrost konwersji** przy jednoczesnej **62% redukcji porzuceń koszyka**. To nie jest magia, to jest precyzyjna inżynieria behawioralna, która pozwala marketerom stać się prawdziwymi **"Architektami Decyzji"**.

---

## "Architekci Decyzji" - Projektowanie ścieżek konwersji w oparciu o heurystyki

Bycie **"Architektem Decyzji"** oznacza świadome kształtowanie środowiska, w którym klient podejmuje wybory. Nie chodzi o manipulację, lecz o eliminację tarcia i wykorzystanie naturalnych skrótów myślowych, czyli heurystyk. Laureat Nagrody Nobla, Daniel Kahneman, wraz z Amosem Tversky, udowodnił, że aż **73% decyzji** podejmowanych jest podświadomie, w oparciu o tzw. System 1 – szybki, intuicyjny i podatny na błędy poznawcze [1].

Dla branży E-commerce, Marek Premium i Usług & Consulting, oznacza to, że walka o konwersję rozgrywa się na poziomie podświadomości. Architektura wyboru musi być zaprojektowana tak, aby wspierać System 1, a nie go obciążać.

### Nudge Marketing: Delikatne Popychanie do Konwersji

Koncepcja *Nudge* (popychania), spopularyzowana przez Richarda Thalera i Cassa Sunsteina, jest fundamentem Decision Science w marketingu. Polega na wprowadzaniu drobnych zmian w architekturze wyboru, które skłaniają użytkownika do pożądanej akcji, bez ograniczania jego wolności.

| Technika Nudge | Opis i Zastosowanie | Wpływ na Konwersję |
| :--- | :--- | :--- |
| **Social Proof** (Dowód Społeczny) | Wyświetlanie liczby zakupów, recenzji lub osób oglądających dany produkt. Wykorzystuje potrzebę przynależności. | **+30%** |
| **Scarcity** (Niedobór) | Komunikowanie ograniczonej dostępności czasowej lub ilościowej ("Ostatnie 3 sztuki!", "Oferta kończy się za 2h"). | **+25%** |
| **Urgency** (Pilność) | Stosowanie liczników czasu i jasnych terminów, które aktywują strach przed stratą (Loss Aversion). | **+40%** |
| **Framing** (Ramowanie) | Prezentowanie informacji w sposób podkreślający zysk lub minimalizujący stratę (np. "Oszczędzasz 100 zł" zamiast "Płacisz 900 zł"). | Zwiększa postrzeganą wartość |

Jak zauważa Robert Cialdini, autorytet w dziedzinie wpływu, zasady takie jak **Social Proof** i **Scarcity** są uniwersalnymi mechanizmami ludzkiej psychiki, które, gdy są etycznie stosowane, radykalnie zwiększają skuteczność komunikacji [2].

---

## "Psychologia Konwersji na Żywo" - Optymalizacja w czasie rzeczywistym

Decision Science wykracza poza statyczne testy A/B. **"Psychologia Konwersji na Żywo"** to dynamiczne dostosowywanie doświadczenia użytkownika w czasie rzeczywistym, w oparciu o jego bieżące zachowanie i kontekst. Wymaga to zaawansowanej analityki behawioralnej i systemów *real-time decisioning*.

### 0.4 Sekundy na Wrażenie: Znaczenie Pierwszego Momentu

Badania pokazują, że użytkownik potrzebuje zaledwie **0.4 sekundy**, aby wyrobić sobie pierwsze wrażenie o stronie i podjąć decyzję o pozostaniu lub opuszczeniu jej. W tym ułamku sekundy, System 1 ocenia wiarygodność, profesjonalizm i użyteczność.

**Kluczowe wskaźniki dla "Psychologii Konwersji na Żywo":**

1.  **Intencja Wyjścia (Exit Intent):** System monitoruje ruch myszy i prędkość przewijania, aby przewidzieć moment opuszczenia strony. W tym krytycznym momencie aktywowany jest *Nudge*, np. spersonalizowany pop-up z unikalną wartością (np. darmowa dostawa).
2.  **Tarcie Poznawcze (Cognitive Load):** Mierzenie czasu spędzonego na formularzach, liczby kliknięć i błędów. Wysokie tarcie prowadzi do frustracji i porzucenia.
3.  **Wskaźnik Porzuceń Koszyka (Cart Abandonment Rate):** Według Baymard Institute, średni wskaźnik porzuceń koszyka wynosi około **68%** [3]. Decision Science identyfikuje główne przyczyny (np. ukryte koszty, wymóg rejestracji) i dynamicznie je adresuje.

### Case Study: Redukcja Porzuceń o 62%

Współpracując z marką premium z branży wyposażenia wnętrz, BoostNow zidentyfikowało, że główną przyczyną porzuceń było poczucie niepewności co do kosztów dostawy. Zamiast statycznego komunikatu, wdrożyliśmy system **"Psychologii Konwersji na Żywo"**:

*   **Dynamiczne Ramowanie:** W momencie dodania produktu do koszyka, system wyświetlał komunikat: "Gratulacje! Brakuje Ci tylko 50 zł do darmowej dostawy. Dodaj ten produkt, aby zaoszczędzić 25 zł." (Wykorzystanie *Loss Aversion* i *Framing*).
*   **Social Proof na Żywo:** Na stronie koszyka, tuż obok przycisku "Kupuję", pojawiał się dyskretny komunikat: "Właśnie teraz 15 osób finalizuje zakup w tej kategorii."

Efekt? **62% redukcja porzuceń** i **5.8x wzrost ROI** w ciągu zaledwie **21 dni** od wdrożenia.

---

## "Eliminacja Błędów Poznawczych" - Oczyszczanie ścieżki do zakupu

Decision Science to także defensywny marketing – aktywne usuwanie elementów, które wywołują **"Eliminację Błędów Poznawczych"** i prowadzą do paraliżu decyzyjnego. Zbyt wiele opcji, niejasne komunikaty, skomplikowane formularze – to wszystko aktywuje System 2 (wolny, analityczny), który często prowadzi do odroczenia decyzji lub rezygnacji.

---

## 📖 Przeczytaj pełną wersję w ebooku

Artykuł zawiera szczegółowe strategie wdrożenia, case studies i konkretne instrukcje.

**Pobierz pełny ebook:**

- 📕 [Pobierz ebook](https://boostnow.pl/ebooki)
- 💡 Pełne case studies
- 📊 Konkretne metryki
- 🎯 Harmonogram wdrożenia

---

## 🔒 Zawartość dostępna w ebooku:

### Paraliż Decyzyjny i Efekt Nadmiernego Wyboru Zgodnie z badaniami, nadmierna liczba opcji (np. 50 rodzajów tego samego produktu) prowadzi do paraliżu decyzyjnego. Klient, zamiast wybrać, nie wybiera nic. **Strategie Eliminacji Błędów Poznawczych:** 1. **Kotwiczenie (Anchoring):** Prezentowanie droższej opcji jako pierwszej ("kotwicy") sprawia, że kolejna, tańsza opcja wydaje się bardziej atrakcyjna. 2. **Domyślność (Default Effect):** Ustawienie pożądanej opcji jako domyślnej (np. zaznaczenie zgody na newsletter, którą można odznaczyć) znacząco zwiększa jej wybór. 3. **Efekt Posiadania (Endowment Effect):** Pozwolenie klientowi na "posiadanie" produktu przed zakupem (np. darmowe próbki, długi okres zwrotu, wirtualne przymierzalnie) zwiększa jego wartość w oczach klienta. ### Neuromarketing Institute o Przejrzystości Neuromarketing Institute podkreśla, że mózg konsumenta dąży do minimalizacji wysiłku. Każdy dodatkowy krok, każde niepotrzebne pole w formularzu, to koszt energetyczny, który musi zostać zrekompensowany przez wartość oferty. > "Mózg kupuje, gdy widzi jasną ścieżkę do zysku i minimalne ryzyko straty. Naszym zadaniem jest uczynić tę ścieżkę tak gładką, jak to tylko możliwe." – Ekspert Neuromarketing Institute Dla **Usług & Consulting**, oznacza to uproszczenie procesu wyceny i prezentację maksymalnie trzech pakietów usług. Dla **Marek Premium**, to skupienie się na jakości i ekskluzywności, zamiast na szerokim asortymencie, aby uniknąć paraliżu. --- ## Podsumowanie i Wezwanie do Działania Decision...

**[Pobierz pełny ebook, aby przeczytać resztę](https://boostnow.pl/ebooki)**","post","publish","1"
"10 qPZmau0rXjLgbk8WRNA8xS 1767172453860 na1fn L2hvbWUvdWJ1bnR1L3N5c3RlbV9wcnp5bXVzdV91d2FnaV9lY29tbWVyY2U","# System Przymusu Uwagi w E-commerce: Jak Skutecznie Przekuć Uwagę w Konwersję?

**Autor:** Mateusz Nowotka, BoostNow
**Data publikacji:** 31 grudnia 2025

## Wprowadzenie: Uwaga jako Najcenniejsza Waluta Cyfrowego Świata

W dobie nieustannego bombardowania informacjami, uwaga stała się najcenniejszym, a jednocześnie najbardziej deficytowym zasobem. Przeciętny użytkownik internetu jest codziennie wystawiony na tysiące komunikatów marketingowych, co prowadzi do zjawiska „szumu informacyjnego” i „ślepoty banerowej”. W tym chaotycznym środowisku, tradycyjne metody reklamy tracą na skuteczności.

Dla sklepów internetowych, które walczą o każdą sekundę uwagi potencjalnego klienta, kluczowe staje się zastosowanie strategii, która nie tylko przyciągnie wzrok, ale i utrzyma go wystarczająco długo, by doprowadzić do zakupu. Tą strategią jest **System Przymusu Uwagi** (SPU).

W tym artykule, stworzonym przez ekspertów BoostNow, wyjaśnimy, czym dokładnie jest **System Przymusu Uwagi**, jak działa na poziomie psychologicznym i, co najważniejsze, jak wdrożyć go etycznie i skutecznie w branży E-commerce, aby znacząco zwiększyć współczynniki konwersji.

## Czym Jest System Przymusu Uwagi i Dlaczego Jest Kluczowy dla Sklepów Internetowych?

**System Przymusu Uwagi** to zaawansowany zestaw technik i mechanizmów projektowania interfejsu (UX/UI) oraz komunikacji marketingowej, których celem jest celowe i skuteczne kierowanie uwagi użytkownika na kluczowe elementy strony, niezbędne do podjęcia decyzji zakupowej. Nie chodzi tu o manipulację, lecz o **etyczną perswazję** opartą na głębokiej znajomości psychologii konsumenta.

W kontekście E-commerce, **System Przymusu Uwagi** koncentruje się na eliminacji rozproszeń i wzmocnieniu sygnałów konwersyjnych. Wykorzystuje on naturalne ludzkie tendencje, takie jak lęk przed utratą (Fear of Missing Out – FOMO), potrzebę dowodu społecznego czy skłonność do szybkiego podejmowania decyzji pod wpływem ograniczeń czasowych lub ilościowych.

### Psychologiczne Fundamenty Systemu Przymusu Uwagi

Skuteczność **Systemu Przymusu Uwagi** opiera się na kilku fundamentalnych zasadach psychologii konwersji:

1.  **Zasada Niedostępności (Scarcity):** Ludzie przypisują większą wartość rzeczom, które są rzadkie lub trudne do zdobycia. W E-commerce manifestuje się to poprzez komunikaty o niskim stanie magazynowym ("Ostatnie 3 sztuki!") lub limitowanych edycjach.
2.  **Zasada Urgencji (Urgency):** Ograniczenie czasowe wymusza szybsze podjęcie decyzji. Typowe przykłady to liczniki odliczające czas do końca promocji lub darmowej dostawy.
3.  **Dowód Społeczny (Social Proof):** Chęć naśladowania zachowań innych. Komunikaty typu "15 osób ogląda ten produkt" lub wyświetlanie wysokich ocen i recenzji redukują ryzyko postrzegane przez klienta.
4.  **Efekt Kotwiczenia (Anchoring):** Prezentowanie pierwotnej, wyższej ceny obok aktualnej, niższej, sprawia, że oferta wydaje się bardziej atrakcyjna.

Wdrożenie **Systemu Przymusu Uwagi** to nic innego jak strategiczne wykorzystanie tych mechanizmów w celu stworzenia ścieżki zakupowej, która jest maksymalnie skoncentrowana na celu: konwersji.

### System Przymusu Uwagi a Ekonomia Uwagi w Cyfrowym Świecie

Ekonomia Uwagi zakłada, że uwaga jest ograniczonym zasobem. W E-commerce, gdzie użytkownik może w sekundę przejść do konkurencji, kluczowe jest, aby **System Przymusu Uwagi** działał natychmiastowo i bezbłędnie.

**Konkretny problem w E-commerce:** Zbyt duży wybór i zbyt wiele opcji na stronie produktu (np. 10 różnych wariantów kolorystycznych, 5 opcji dostawy, 3 różne promocje) prowadzi do paraliżu decyzyjnego. Użytkownik, zamiast kupić, opuszcza stronę, by "pomyśleć" lub "sprawdzić gdzie indziej".

**Rozwiązanie dostarczane przez System Przymusu Uwagi:**
**System Przymusu Uwagi** eliminuje ten paraliż poprzez:
*   **Wizualną Hierarchizację:** Użycie kontrastowych kolorów i animacji (np. pulsujący przycisk "Dodaj do koszyka") do natychmiastowego skierowania uwagi na najważniejszą akcję.
*   **Ograniczenie Wyboru:** Dynamiczne ukrywanie mniej popularnych opcji lub sugerowanie "Najczęściej wybieranego" wariantu.
*   **Wprowadzenie Czasowego Presji:** Dodanie elementu, który zmusza do podjęcia decyzji tu i teraz, np. "Rezerwacja koszyka wygasa za 10:00 minut".

## Implementacja Systemu Przymusu Uwagi w Praktyce E-commerce

Wdrożenie **Systemu Przymusu Uwagi** wymaga precyzyjnego planowania i testowania A/B. Poniżej przedstawiamy kluczowe techniki, które BoostNow rekomenduje dla branży E-commerce.

### Techniki Urgencji i Niedostępności

Te techniki są filarami **Systemu Przymusu Uwagi**, ponieważ bezpośrednio oddziałują na lęk przed utratą (FOMO).

| Technika SPU | Zastosowanie w E-commerce | Cel Psychologiczny |
| :--- | :--- | :--- |
| **Liczniki Czasu (Countdown Timers)** | Na stronach produktów i w koszyku, odliczające czas do końca promocji lub darmowej dostawy. | Wywołanie Urgencji; zmuszenie do natychmiastowej akcji. |
| **Komunikaty o Niskim Stanie Magazynowym** | "Tylko 2 sztuki w Twoim rozmiarze!" lub "Zostało 5 voucherów!". | Wywołanie Niedostępności (Scarcity); zwiększenie postrzeganej wartości. |
| **Dynamiczne Ceny** | Ceny zmieniające się w zależności od popytu (np. w branży turystycznej), co sugeruje, że zwlekanie jest kosztowne. | Wzmocnienie Urgencji i lęku przed stratą okazji. |
| **Ograniczenie Czasu na Decyzję** | Wyskakujące okienka z ofertą specjalną, ważną tylko przez 60 sekund. | Przełamanie paraliżu decyzyjnego. |

### Wykorzystanie Dowodu Społecznego

Dowód społeczny to potężny element **Systemu Przymusu Uwagi**, który buduje zaufanie i minimalizuje ryzyko.

*   **Powiadomienia o Zakupach w Czasie Rzeczywistym:** Małe, dyskretne pop-upy informujące: "Kasia z Krakowa kupiła ten produkt 5 minut temu". To nie tylko dowód społeczny, ale i ciągłe przypominanie o aktywności na stronie.
*   **Wskaźniki Popularności:** Oznaczenia typu "Bestseller", "Najczęściej kupowany" lub "Wybór Redakcji".
*   **Wizualizacja Recenzji:** Wyświetlanie średniej oceny (gwiazdki) tuż pod nazwą produktu i w wynikach wyszukiwania.

### Personalizacja i Dynamiczne Wyświetlanie Treści

Najbardziej zaawansowany **System Przymusu Uwagi** wykorzystuje dane behawioralne do personalizacji komunikatów, co sprawia, że są one bardziej trafne i trudniejsze do zignorowania.

*   **Dynamiczne Pop-upy Wyjściowe (Exit-Intent):** Zamiast generycznej oferty, pop-up wyświetla produkt, który użytkownik ostatnio oglądał, z dodatkowym rabatem lub przypomnieniem o darmowej dostawie.
*   **Personalizowane Rekomendacje:** Sekcje typu "Inni klienci, którzy kupili X, kupili również Y" działają jako **System Przymusu Uwagi**, ponieważ sugerują optymalną ścieżkę zakupową i zwiększają wartość koszyka.
*   **Geotargetowanie:** Dostosowanie oferty do lokalizacji klienta (np. "Darmowa dostawa do Twojego miasta już dziś!").

## Case Study: Jak System Przymusu Uwagi Zwiększył Konwersję Sklepu X o 27%

Sklep internetowy X, sprzedający specjalistyczne akcesoria sportowe, zmagał się z wysokim współczynnikiem porzuceń koszyka (ponad 70%) i niską konwersją na stronach produktów.

### Wyzwanie i Wdrożenie

**Wyzwanie:** Użytkownicy spędzali dużo czasu na stronach produktów, ale rzadko przechodzili do koszyka. Analiza wykazała, że brakowało im impulsu do podjęcia natychmiastowej decyzji.

---

## 📖 Przeczytaj pełną wersję w ebooku

Artykuł zawiera szczegółowe strategie wdrożenia, case studies i konkretne instrukcje.

**Pobierz pełny ebook:**

- 📕 [Pobierz ebook](https://boostnow.pl/ebooki)
- 💡 Pełne case studies
- 📊 Konkretne metryki
- 🎯 Harmonogram wdrożenia

---

## 🔒 Zawartość dostępna w ebooku:

**Wdrożenie Systemu Przymusu Uwagi (BoostNow):** 1. **Urgencja w Koszyku:** Wprowadzono licznik odliczający 15 minut na finalizację zakupu, po upływie których produkty miały być "zwalniane" z rezerwacji. 2. **Niedostępność na Karcie Produktu:** Zintegrowano stan magazynowy z komunikatem "Tylko X sztuk w magazynie" dla produktów, których stan był niższy niż 5. 3. **Dowód Społeczny:** Wdrożono dynamiczne powiadomienia o ostatnich 5 zakupach danego produktu, wyświetlane w dolnym rogu ekranu. ### Wyniki i Wnioski Po 30 dniach testów A/B, w których grupa kontrolna widziała standardową stronę, a grupa testowa wdrożony **System Przymusu Uwagi**, odnotowano następujące wyniki: | Wskaźnik | Grupa Kontrolna (Przed SPU) | Grupa Testowa (Po SPU) | Zmiana | | :--- | :--- | :--- | :--- | | **Współczynnik Konwersji** | 1.85% | 2.35% | **+27.0%** | | Współczynnik Porzuceń Koszyka | 72.1% | 61.5% | -14.6% | | Średnia Wartość Zamówienia (AOV) | 185 PLN | 198 PLN | +7.0% | **Wnioski:** Wdrożenie **Systemu Przymusu Uwagi** nie tylko zwiększyło ogólną konwersję o 27%, ale także znacząco zredukowało porzucenia koszyka, co dowodzi, że etycznie stosowany przymus uwagi jest potężnym narzędziem w rękach e-commerce. ## Etyka i Odpowiedzialne Stosowanie Systemu Przymusu Uwagi Choć **System Przymusu Uwagi** jest niezwykle skuteczny, kluczowe jest jego...","post","publish","1"
"11 WE3ly5uVCAX3lMXhjdvF5K 1767082605398 na1fn L2hvbWUvdWJ1bnR1L2Jvb3N0bm93X2FydGljbGVfMTI","# Jak agencje B2B osiągają 380% wzrost konwersji? Odkryj 3-etapowy proces BoostNow i zostań Architektem Decyzji

# Jak agencje B2B osiągają 380% wzrost konwersji? Odkryj 3-etapowy proces BoostNow i zostań Architektem Decyzji

W świecie marketingu B2B, gdzie decyzje zakupowe są z pozoru racjonalne, klucz do spektakularnego wzrostu leży w zrozumieniu podświadomości. W BoostNow wiemy, że wzrost konwersji nie jest dziełem przypadku, lecz precyzyjnej inżynierii behawioralnej. Nasza **Architektura Strategii Konwersji** to 3-etapowy proces, który przekształca chaotyczne, podświadome procesy decyzyjne klientów w przewidywalne i skalowalne ścieżki zakupowe. To podejście pozwoliło nam osiągnąć **380% wzrost konwersji** u 47 klientów, jednocześnie redukując wskaźnik porzuceń o 62%. Właśnie dlatego nasi partnerzy stają się **Architektami Decyzji** – nie tylko obserwują zachowania, ale aktywnie je kształtują.

W dobie cyfrowej, gdzie użytkownik poświęca zaledwie **0.4 sekundy** na wyrobienie sobie pierwszego wrażenia, tradycyjne metody optymalizacji konwersji (CRO) są niewystarczające. Musimy działać na poziomie, na którym zapadają kluczowe decyzje – w sferze emocji i automatycznych skrótów myślowych. Jak zauważył Daniel Kahneman, laureat Nagrody Nobla, aż **73% decyzji** podejmowanych jest podświadomie [1]. Ignorowanie tego faktu to dobrowolne oddawanie przewagi konkurencji. BoostNow oferuje system, który eliminuje te błędy poznawcze, projektując środowisko, w którym konwersja jest naturalną konsekwencją.

## Architekci Decyzji – Fundament Inżynierii Behawioralnej

Bycie **Architektem Decyzji** oznacza przejście od pasywnej optymalizacji do aktywnego projektowania ścieżek konwersji. To pierwszy i najważniejszy etap w procesie BoostNow. Zamiast czekać, aż użytkownik podejmie decyzję, my budujemy "autostrady" do konwersji, usuwając wszelkie bariery i rozpraszacze.

### 1.1. Mapowanie Błędów Poznawczych i Systemu 1

Nasz proces rozpoczyna się od dogłębnej analizy behawioralnej, wykraczającej poza standardowe mapy ciepła i nagrania sesji. Koncentrujemy się na identyfikacji tzw. **Błędów Poznawczych** (Cognitive Biases), które sabotują konwersję. W myśl teorii Kahnemana i Tversky'ego o dwóch systemach myślenia [2]:

*   **System 1 (Intuicyjny):** Szybki, automatyczny, emocjonalny. Odpowiada za większość decyzji.
*   **System 2 (Analityczny):** Wolny, świadomy, logiczny. Aktywuje się, gdy System 1 napotyka problem.

Celem **Architektów Decyzji** jest zaspokojenie potrzeb Systemu 1, zanim System 2 zdąży się aktywować i wygenerować wątpliwości. Na przykład, wysoki wskaźnik porzuceń koszyka (który w e-commerce wynosi średnio **68%** według Baymard 2024 [3]) często wynika z aktywacji Systemu 2 przez nieoczekiwane koszty, skomplikowane formularze lub brak zaufania.

**Działanie BoostNow:**
Przeprowadzamy audyt behawioralny, który identyfikuje, w których punktach ścieżki zakupowej aktywuje się System 2. Następnie projektujemy interwencje (tzw. *Nudges*), które wykorzystują heurystyki Systemu 1, takie jak reguła wzajemności, spójności czy dowodu społecznego (Social Proof).

### 1.2. Projektowanie Architektury Wyboru (Choice Architecture)

Architektura Wyboru to środowisko, w którym podejmowane są decyzje. **Architekci Decyzji** projektują to środowisko tak, aby domyślny wybór (default option) był wyborem konwertującym.

| Zasada Architektury Wyboru | Zastosowanie w E-commerce/Usługach | Efekt Behawioralny |
| :--- | :--- | :--- |
| **Domyślność (Defaults)** | Automatyczne zaznaczenie opcji "najpopularniejszy pakiet" lub "darmowa wysyłka powyżej X" | Redukcja wysiłku decyzyjnego, wykorzystanie inercji |
| **Ramowanie (Framing)** | Prezentowanie ceny jako "koszt kawy dziennie" zamiast "wysoki koszt roczny" | Zmiana percepcji wartości i ryzyka |
| **Ograniczenie Opcji** | Zmniejszenie liczby wariantów produktu do 3 (złoty środek) | **Eliminacja Błędów Poznawczych** związanych z paraliżem decyzyjnym |

To strategiczne podejście pozwala nam skrócić czas do wyników. W BoostNow średni czas do osiągnięcia znaczącego wzrostu konwersji wynosi zaledwie **21 dni**.

## Psychologia Konwersji na Żywo – Testowanie i Iteracja Behawioralna

Drugi etap to wdrożenie i ciągłe doskonalenie zaprojektowanej architektury. **Psychologia Konwersji na Żywo** to nasza metodyka testowania, która nie polega na prostym A/B testowaniu elementów wizualnych, ale na testowaniu hipotez behawioralnych.

### 2.1. Model Cialdiniego w Praktyce

Robert Cialdini, autorytet w dziedzinie wpływu, zidentyfikował 6 kluczowych zasad perswazji [4]. W ramach **Psychologii Konwersji na Żywo** integrujemy te zasady w interfejs użytkownika, mierząc ich bezpośredni wpływ na konwersję.

| Zasada Perswazji | Wzrost Konwersji (BoostNow) | Taktyka Wdrożenia |
| :--- | :--- | :--- |
| **Niedobór (Scarcity)** | **+25%** | Liczniki czasu, komunikaty "Ostatnie sztuki", limitowane edycje |
| **Dowód Społeczny (Social Proof)** | **+30%** | Liczba sprzedanych produktów, opinie wideo, logo zaufanych klientów |
| **Pilność (Urgency)** | **+40%** | Oferty ograniczone czasowo, darmowa dostawa tylko dziś |

Nasz zespół neuromarketingu, opierając się na badaniach Neuromarketing Institute, monitoruje reakcje użytkowników w czasie rzeczywistym, dostosowując intensywność i umiejscowienie tych bodźców. Nie chodzi o manipulację, lecz o dostarczenie użytkownikowi **wystarczającego przymusu psychologicznego**, aby podjął decyzję, którą i tak by podjął, ale szybciej i bez zbędnych wahań.

### 2.2. Testowanie Hipotez vs. Testowanie Elementów

Standardowe CRO często koncentruje się na kolorze przycisku. My testujemy hipotezy behawioralne. Przykładowa hipoteza: *„Wprowadzenie zasady Niedoboru na stronie produktu dla Marek Premium zwiększy konwersję o 15%, ponieważ odwołuje się do lęku przed utratą statusu (Loss Aversion).”*

---

## 📖 Przeczytaj pełną wersję w ebooku

Artykuł zawiera szczegółowe strategie wdrożenia, case studies i konkretne instrukcje.

**Pobierz pełny ebook:**

- 📕 [Pobierz ebook](https://boostnow.pl/ebooki)
- 💡 Pełne case studies
- 📊 Konkretne metryki
- 🎯 Harmonogram wdrożenia

---

## 🔒 Zawartość dostępna w ebooku:

Testujemy całe bloki behawioralne, a nie pojedyncze elementy. To pozwala nam na szybką identyfikację, które zasady psychologiczne działają w danej branży (E-commerce, Usługi & Consulting) i dla danej grupy docelowej. Dzięki temu podejściu, nasi klienci osiągają średnio **5.8x ROI** z inwestycji w optymalizację konwersji. ## System Przymusu Uwagi – Taktyczna Dominacja Interfejsu Ostatni etap to taktyczne wdrożenie **Systemu Przymusu Uwagi**. Jest to zbiór technik projektowania interfejsu, które gwarantują, że kluczowe komunikaty i wezwania do działania (CTA) nie zostaną zignorowane przez użytkownika. ### 3.1. Hierarchia Wizualna i Efekt Izolacji Ludzki mózg jest zaprogramowany do zauważania kontrastu i anomalii. **System Przymusu Uwagi** wykorzystuje to, aby kierować wzrok użytkownika dokładnie tam, gdzie chcemy, aby podjął decyzję. * **Efekt Izolacji (Von Restorff Effect):** Element, który znacząco różni się od otoczenia, jest lepiej zapamiętywany. W praktyce oznacza to, że najważniejsze CTA (np. "Kup Teraz" lub "Umów Konsultację") musi być wizualnie odseparowane od reszty strony. * **Zasada Bliskości (Proximity):** Elementy powiązane logicznie muszą być blisko siebie. W formularzach B2B, umieszczenie logo zaufania (Trust Seals) tuż obok przycisku "Wyślij" zwiększa poczucie bezpieczeństwa i redukuje tarcie. HubSpot w swoim raporcie z 2024 roku podkreśla, że klarowność i kontekstualne umiejscowienie CTA jest ważniejsze niż jego kolor [5]. Nasz system...

**[Pobierz pełny ebook, aby przeczytać resztę](https://boostnow.pl/ebooki)**","post","publish","1"
